=== countrycode=ABW cowalpha=---
ABW	ARUBA
ABW	ARUBAN
=== countrycode=AFG cowalpha=---
AFG	AFGHANISTAN
AFG	AFGHAN
AFG	AFGANISTAN
AFG	AFGHANESTAN
AFG	AFGHANSITAN
AFG	DOWLAT_E_ESLAMI_YE_AFGHANESTAN
AFG	SOVIET_OCCUPIED_AFGHANISTAN
AFG	AFGAHANISTAN
AFG	AFGHANASTAN
AFG	AFGANHISTAN
AFG	AFGHINASTAN
AFG	AFFGHANISTAN
AFG	THE_GRAVEYARD_OF_EMPIRES
AFG	AFGJANISTAN
AFG	AFEGANISTAO
AFG	CHAPARHAR
=== countrycode=AGO cowalpha=---
AGO	ANGOLA
AGO	ANGOLAN
=== countrycode=AIA cowalpha=---
AIA	ANGUILLA
AIA	ANGUILA
AIA	ANGULLA
AIA	ANGUILLANS
=== countrycode=ALB cowalpha=---
ALB	ALBANIA
ALB	ALBANIAN
ALB	ARBANIA
ALB	SHQIPERIA
ALB	SHQUIPERIA
ALB	ALBANIE
ALB	SHQIPERISE
=== countrycode=AND cowalpha=---
AND	ANDORRA
AND	ANDORRAN
AND	ANDORRE
=== countrycode=ARE cowalpha=---
ARE	UNITED_ARAB_EMIRATES
ARE	EMIRATI
ARE	UAE
ARE	EMIRIAN
ARE	UNITED_EMIRATES
ARE	UMM_AL_QAYWAN
ARE	AL_IMARAT_AL_ARABIYAH_AL_MUTTAHIDAH
ARE	U.A.E.
ARE	ARAB_EMIRATES
ARE	EMARATI
ARE	UNITED_ARAB_EMERITES
ARE	UNITED_ARAB_EMIRITES
ARE	UNITED_ARAB_EMERATES
ARE	EMIRATS_ARABES_UNIS
ARE	EMIRADOS_ARABES_UNIDOS
ARE	AL_IMARAT_AL_'ARABIYYAH_AL_MUTTAHIDAH
ARE	UNITED_ARAB_EMIRATS
ARE	AL_IMRATA_AL_ARABIYYAH_AL_MUTTAHIDA
ARE	U.A._EMIRATES
ARE	U.A.EMIRATES
ARE	UA_EMIRATES
=== countrycode=ARG cowalpha=---
ARG	ARGENTINA
ARG	ARGENTINE
ARG	ARGENTINEAN
ARG	ARGENTINIAN
ARG	ARGENTINAN
ARG	ARGENTINIA
ARG	ARGENTINOS
ARG	AREUHENTINA
ARG	ARUHENTINA
ARG	ARC'HANTINA
ARG	ARGJENTINA
ARG	ARGENTYNA
ARG	ARXINTINA
ARG	ARXENTINA
ARG	ARGENTIINA
ARG	ARGHANTINA
ARG	AIRGINTIN
ARG	ARIANNIN
ARG	ARJANTIN
ARG	ARGENTINIE
ARG	ARGENTINIEN
ARG	ARGIES
=== countrycode=ARM cowalpha=---
ARM	ARMENIA
ARM	ARMENIAN
ARM	HAYASTAN
ARM	HYESTER
ARM	HAYASDAN
ARM	ERMENI
ARM	ERMENISTAN
ARM	ARMENIEN
ARM	ARMENAI
ARM	ARMENIE
ARM	ARMANIA
=== countrycode=ATG cowalpha=---
ATG	ANTIGUA_AND_BARBUDA
ATG	ANTIGUANS
ATG	BARBUDANS
ATG	ANTIGUA
ATG	BARBUDA
=== countrycode=AUS cowalpha=---
AUS	AUSTRALIA
AUS	AUSTRALIAN
AUS	AUSSIE
AUS	AUSTRALIEN
AUS	STRAYA
AUS	AUSTRAILIA
AUS	AUSTRALIAS
AUS	OSEUTEUREILLIA
AUS	OSEUTEUREILIA
AUS	OSUTUREILLIA
AUS	OSUTUREILIA
AUS	AUSTRALAI
AUS	AUSTRLAIA
AUS	BANDAIYAN
AUS	AUSTRLIA
AUS	AUSTRALLIA
AUS	AUSTRAILA
AUS	AUSTRALIIA
AUS	AUSTRALIE
AUS	ORSTRAYA
AUS	OSTRALIA
AUS	AUSSIELAND
=== countrycode=AUSNFK cowalpha=---
AUSNFK	NORFOLK_ISLAND
AUSNFK	NORFOLK_ISLANDER
=== countrycode=AUT cowalpha=---
AUT	AUSTRIA
AUT	AUSTRIAN
AUT	OSTERREICH
AUT	AUSTURRIKI
AUT	AUTRICHE
AUT	OSTERRIKE
AUT	OSTRIA
AUT	OESTERREICH
=== countrycode=AZE cowalpha=---
AZE	AZERBAIJAN
AZE	AZERBAIJANI
AZE	AZERBAJDZHAN
AZE	AZERBAIDZHAN
AZE	AZHERBEIJAN
AZE	AZERBAYCAN
AZE	AZERBIJAN
AZE	AZERBIJANI
AZE	ASERBAJDSJAN
AZE	AZERBAJIJAN
AZE	AZERBAYJAN
AZE	AZERBAIDJAN
AZE	AZERBAJAN
AZE	AZERBEIDJAN
AZE	AZERBAYDZHAN
AZE	AJERBIJAN
AZE	AZERBAIJAIN
AZE	AZHERBAIJAN
AZE	AZERBAJANI
AZE	AZERBADZJAN
AZE	AZERBAIDSCHAN
AZE	AZERBAIJIN
AZE	AZERBAJIAN
AZE	AZERBAJDJAN
AZE	AZERBADJAN
AZE	AZARBAYCAN
AZE	AZARBEYCAN
AZE	AZERBAJZAN
AZE	ADHIRBAYJAN
=== countrycode=BDI cowalpha=---
BDI	BURUNDI
BDI	BURUNDIAN
BDI	BURUNDIS
BDI	URUNDI
=== countrycode=BEL cowalpha=---
BEL	BELGIUM
BEL	BELGIAN
BEL	BELGIE
BEL	BELGIEN
BEL	BELGIQUE
BEL	BELIGUM
BEL	THE_QUEBEC_OF_EUROPE
BEL	COCKPIT_OF_EUROPE
BEL	BELGUIM
BEL	BELGUM
BEL	BEGIUM
BEL	BELDJIKE
BEL	WALLONIA
BEL	BELGIO
BEL	BELGIUMLAND
BEL	BELJUM
BEL	BELJAM
=== countrycode=BEN cowalpha=---
BEN	BENIN
BEN	BENINESE
BEN	DAHOMEY
=== countrycode=BFA cowalpha=---
BFA	BURKINA_FASO
BFA	BURKINABE
BFA	BURKINA
BFA	BURKINO_FASO
BFA	BURKINA_FASSO
BFA	BOURKINA_FASO
BFA	BURKINA_FATSO
BFA	BOURKINA_FASSO
=== countrycode=BGD cowalpha=---
BGD	BANGLADESH
BGD	BANGLADESHI
BGD	BANGLA_DESH
BGD	BENGLADESH
BGD	BLANGADESH
BGD	BANGLEDESH
BGD	BANGLADEISH
BGD	BDESH
BGD	B_DESH
BGD	BENGALEDESH
BGD	BANGLADESXO
BGD	BANGALADESH
BGD	B'DESH
=== countrycode=BGR cowalpha=---
BGR	BULGARIA
BGR	BULGARIAN
BGR	BULGARIYA
BGR	BALGARIA
BGR	BALGARIYA
BGR	BULGARIE
BGR	BALKAN_BULGARS
=== countrycode=BHR cowalpha=---
BHR	BAHRAIN
BHR	BAHRAINI
BHR	BAHREIN
BHR	AL_BAHRAYN
BHR	BAHRAYNAL_BAHRAIN
=== countrycode=BHS cowalpha=---
BHS	BAHAMAS
BHS	BAHAMIAN
BHS	BAHAMA
=== countrycode=BIH cowalpha=---
BIH	BOSNIA_AND_HERZEGOVINA
BIH	BOSNIAN
BIH	HERZEGOVINIAN
BIH	BOSNIA
BIH	HERZEGOVIN
BIH	HERCEGOVINA
BIH	HERZEGOVENA
BIH	HERCEGOVENA
BIH	BOSNIJA
BIH	HERZEGOWINA
BIH	BOZNIA
BIH	HERZEGOVENIA
BIH	HERZGEGOVINA
BIH	HERZEGOVINIA
BIH	HERZEGOVINE
BIH	HERZIGOVINA
BIH	BOSNA
BIH	BOSNIAH
=== countrycode=BIHBHF cowalpha=---
BIHBHF	BOSNIAK/CROAT_FEDERATION
=== countrycode=BIHSPR cowalpha=---
BIHSPR	BOSNIAN_SERB_REPUBLICA
=== countrycode=BLR cowalpha=---
BLR	BELARUS
BLR	BELARUSIAN
BLR	BELARUSSIAN
BLR	BELORUSSIA
BLR	BYELORUSSIA
BLR	BELARUSS
BLR	BELORUS
BLR	REPUBLIC_OF_BELARUS
BLR	BELARUSSIA
BLR	WEISSRUSSLAND
BLR	BYELARUS
BLR	BIELORUSSIA
BLR	BELORUSI
BLR	BELARUSSI
BLR	LAST_EUROPEAN_DICTATORSHIP
BLR	BUELORUSSIA
BLR	VITRYSSLAND
=== countrycode=BLZ cowalpha=---
BLZ	BELIZE
BLZ	BELIZEAN
BLZ	BALIZE
BLZ	BELIEZE
BLZ	BELIZIAN
BLZ	BELIZ
=== countrycode=BMU cowalpha=---
BMU	BERMUDA
BMU	BERMUDIAN
BMU	BERMUDAS
BMU	BERMOOTHES
BMU	SOMERS_ISLANDS
BMU	SOMERS_ISLES
BMU	SUMMERS'_ISLES
BMU	SUMMER'S_ISLES
BMU	VIRGINEOLA
BMU	ISLE_OF_DEVILS
BMU	DEVIL'S_ISLES
=== countrycode=BOL cowalpha=---
BOL	BOLIVIA
BOL	BOLIVIAN
BOL	BOLIVA
BOL	ALTO_PERU
=== countrycode=BRA cowalpha=---
BRA	BRAZIL
BRA	BRAZILIAN
BRA	BRESIL
BRA	BEURAJIL
BRA	BURAJIL
BRA	BURACHIL
BRA	BRASIL
BRA	BRAZILO
BRA	BRASSIL
=== countrycode=BRB cowalpha=---
BRB	BARBADOS
BRB	BARBADIAN
BRB	BAJUNS
BRB	BARBADOES
BRB	BARBADAN
=== countrycode=BRN cowalpha=---
BRN	BRUNEI_DARUSSALAM
BRN	BRUNEIAN
BRN	BRUNEI
BRN	BRUNAI
BRN	BURNEI
=== countrycode=BTN cowalpha=---
BTN	BHUTAN
BTN	BHUTANESE
BTN	DRUK_YUL
BTN	BOOTAN
BTN	LHO_MON
BTN	LHO_TSENDENJONG
BTN	LHOMEN_KHAZHI
BTN	LHO_MEN_JONG
BTN	BUHTAN
BTN	DRUK_GYAL_KHAB
BTN	BHUTANI
=== countrycode=BWA cowalpha=---
BWA	BOTSWANA
BWA	MOTSWANA
BWA	BATSWANA
BWA	BOTSUANA
BWA	KHAMA'S_COUNTRY
=== countrycode=CAF cowalpha=---
CAF	CENTRAL_AFRICAN_REPUBLIC
CAF	CENTRAL_AFRICAN
CAF	CENTRAFRIQUE
CAF	CENTRAL_AFRICA_REPUBLIC
CAF	REPUBLIQUE_CENTRAFRICAINE
CAF	CENTRAL_AFRICAN_REP.
=== countrycode=CAN cowalpha=---
CAN	CANADA
CAN	CANADIAN
CAN	KAENADA
CAN	XANADA
CAN	KENADIAN
=== countrycode=CHE cowalpha=---
CHE	SWITZERLAND
CHE	SWISS
CHE	SUISSE
CHE	SCHWEIZ
CHE	SVIZZERA
CHE	HELVETICA
CHE	SVIZRA
CHE	SCHWEIZERISCHE
CHE	SWITSERLAND
CHE	SCHWITZERLAND
CHE	SUIZA
CHE	SWITZER
CHE	SWIZTERLAND
CHE	ELVETIA
CHE	SWIZERLAND
CHE	SWISSLAND
CHE	SWITZELAND
CHE	SWITZ
CHE	SVISSLAND
=== countrycode=CHL cowalpha=---
CHL	CHILE
CHL	CHILEAN
CHL	CXILIO
=== countrycode=CHN cowalpha=---
CHN	CHINA
CHN	CHINESE
CHN	ZHONG_GUO
CHN	ZHONGGUO
CHN	CHUNG_KUO
CHN	CHUNGKUO
CHN	TSINA
CHN	JUNGGUK
CHN	CHUNGGUK
CHN	CELESTIAL_EMPIRE
CHN	SINICA
CHN	SINITIC
CHN	CHAINA
CHN	SINENSIS
CHN	TSAINA
CHN	JHONGGUO
CHN	SINIC
=== countrycode=CHNTIB cowalpha=---
CHNTIB	TIBET
CHNTIB	TIBETAN
CHNTIB	XIZANG
CHNTIB	XI_ZANG
CHNTIB	TIBET,_CHINA
CHNTIB	RONGME
CHNTIB	BOD_RANG_SKYONG_LJONGS
CHNTIB	CN_54
CHNTIB	TIBET_(CHINA)
CHNTIB	SITSANG
=== countrycode=CIV cowalpha=---
CIV	COTE_D'IVOIRE
CIV	IVORIAN
CIV	IVORY_COAST
CIV	COTE_D'_IVOIRE
CIV	COTE_D�IVOIRE
CIV	COTE_D_IVOIRE
CIV	WINDWARD_COAST
CIV	COTE_DE_L'VOIRE
CIV	COTE_D'IVORIE
CIV	COTE_IVOIRE
CIV	COTE_DIVOIRE
CIV	COTE_D'IVOIR
CIV	COTE_D'IVORE
CIV	C'OTE_D'IVOIRE
=== countrycode=CMR cowalpha=---
CMR	CAMEROON
CMR	CAMEROONIAN
CMR	CAMEROUN
CMR	CAMERUN
CMR	CAMAROON
CMR	KAMEROEN
CMR	CAMEROOM
=== countrycode=COD cowalpha=---
COD	DEMOCRATIC_REPUBLIC_OF_THE_CONGO
COD	CONGOLESE
COD	SOUTH_CONGO
COD	DEMOCRATIC_REPUBLIC_OF_CONGO
COD	CONGO_KINSHASA
COD	REPUBLIQUE_DEMOCRATIQUE_DU_CONGO
COD	CONGO_(KINSHASA)
COD	CONGO_(DEMOCRATIC_REPUBLIC)
COD	ZAIRE
COD	CONGO_KINSASHA
COD	CONGO_DEMOCRATIC_REPUBLIC
COD	DR_CONGO
COD	CONGO_(LEOPOLDVILLE)
COD	CONGO_(DRC)
COD	D.R.CONGO
COD	CONGO_DR
COD	BELGIAN_UBANGHI
COD	CONGO_KINSHASHA
COD	DEMOCRATIC_REP_OF_CONGO
COD	CONGO_LEOPOLDVILLE
COD	DROTC
COD	THE_DRC
COD	RD_CONGO
COD	KINSHASA_CONGO
COD	DEM._REP._OF_THE_CONGO
COD	DROC
COD	BIG_CONGO
=== countrycode=COG cowalpha=---
COG	CONGO
COG	CONGOLESE
COG	CONGO_BRAZZAVILLE
COG	MIDDLE_CONGO
COG	NORTH_CONGO
COG	CONGO_(BRAZZAVILLE)
COG	REPUBLIC_OF_CONGO
COG	CONGO,_REPUBLIC_OF_THE
COG	CONGO_REPUBLIC
COG	CONGO_(PEOPLE'S_REPUBLIC)
COG	CONGO,_REPUBLIC
COG	UBANGHI_CHARI
COG	UBANGHI
COG	REPUBLIC_OF_THE_CONGO
COG	CONGO_BRAZZA
COG	BRAZA
COG	ADMINISTRATIVE_DIVISIONS_OF_THE_REPUBLIC_OF_THE_CONGO
COG	REPUBLIQUE_DU_CONGO
COG	MOYEN_CONGO
COG	BRAZZAVILLE_CONGO
COG	INDEPENDENT_CONGO_REPUBLIC
COG	LITTLE_CONGO
=== countrycode=COK cowalpha=---
COK	COOK_ISLANDS
COK	COOK_ISLANDER
=== countrycode=COL cowalpha=---
COL	COLOMBIA
COL	COLOMBIAN
COL	COLOMBIANOS
COL	REPUBLIC_OF_COLUMBIA
=== countrycode=COM cowalpha=---
COM	COMOROS
COM	COMORAN
COM	COMORES
COM	COMORO_ISLES
COM	JUZUR_AL_QUMUR
COM	AL_QUMURIYY
=== countrycode=CPV cowalpha=---
CPV	CAPE_VERDE
CPV	CAPE_VERDIAN
CPV	CAPE_VERDEAN
CPV	CABO_VERDE
CPV	CAPE_DE_VERD
CPV	CAP_VERDE
CPV	CAPO_VERDE
CPV	CAPE_VERDES
CPV	KABU_VERDI
CPV	KAP_VERDE
CPV	KAPVERDEN
=== countrycode=CRI cowalpha=---
CRI	COSTA_RICA
CRI	COSTA_RICAN
CRI	TIQUICIA
CRI	COSTARICA
CRI	COSAT_RICA
CRI	COASTA_RICA
=== countrycode=CUB cowalpha=---
CUB	CUBA
CUB	CUBAN
CUB	CUBANS
=== countrycode=CYM cowalpha=---
CYM	CAYMAN_ISLANDS
CYM	CAYMANS
CYM	CAIMAN_ISLANDS
CYM	CAYMAN_ISLAND
CYM	CAYMEN_ISLANDS
CYM	LAS_TORTUGAS
=== countrycode=CYP cowalpha=---
CYP	CYPRUS
CYP	CYPRIOT
CYP	KYPROS
CYP	KIBRIS
CYP	CIPRUS
CYP	CYRPUS
=== countrycode=CZE cowalpha=---
CZE	CZECH_REPUBLIC
CZE	CZECH
CZE	CZECHIA
CZE	CZECK_REPUBLIC
CZE	CZEC_REPUBLIC
CZE	CZECHIAN
CZE	CZECH_REP.
CZE	CZECH_REPUBLIK
CZE	CESKO
CZE	BOHEMIA_MORAVIA
CZE	CZECHO
CZE	CESKA_REPUBLIKA
CZE	CECH_REPUBLIC
CZE	CHECHIA
CZE	CESKA
CZE	CHECK_REPUBLIC
CZE	TJECH_REPUBLIC
CZE	REPUBLIQUE_TCHEQUE
CZE	TCHEQUE_REPUBLIC
CZE	CHEZ_REPUBLIC
CZE	CEHIA
CZE	TSCHECHIEN
CZE	CSEHORSZAG
CZE	4ESKO
CZE	REPUBLICA_CHECA
=== countrycode=DEU cowalpha=---
DEU	GERMANY
DEU	GERMAN
DEU	DEUTSCHLAND
DEU	TOGIL
DEU	ALEMANIA
DEU	DUITSLAND
DEU	GERAMNY
DEU	TEUTONICA
DEU	GERMENY
DEU	DEUTCHLAND
DEU	ALMANYA
DEU	GERMNY
DEU	GERMANIO
DEU	THYSKALAND
DEU	DEUCHLAND
DEU	NIEMCY
DEU	JERMANY
DEU	ALEMANHA
=== countrycode=DJI cowalpha=---
DJI	DJIBOUTI
DJI	DJIBUTI
DJI	JIBUTI
DJI	DIJIBOUTI
DJI	DJABUTI
DJI	DJBOUTI
DJI	TERRITOIRE_FRANCAIS_DES_AFARS_ET_DES_ISSAS
DJI	JIBOUTI
DJI	DIJBOUTI
=== countrycode=DMA cowalpha=---
DMA	DOMINICA
DMA	DOMINICAN
DMA	THE_NATURE_ISLAND
=== countrycode=DNK cowalpha=---
DNK	DENMARK
DNK	DANNISH
DNK	DANE
DNK	DANISH
DNK	DANMARK
DNK	DENEMARKE
DNK	DANEMARK
DNK	DENMARC
DNK	DANIMARCA
DNK	DANSKA
DNK	TANSKA
DNK	DANMORK
DNK	DENMARKE
DNK	DAENEMARK
DNK	DANMOERK
=== countrycode=DNKFRO cowalpha=---
DNKFRO	FAEROE_ISLANDS
DNKFRO	FAEROE
DNKFRO	FAEROESE
DNKFRO	FAROE_ISLANDS
DNKFRO	FAEROER
DNKFRO	FAROES
DNKFRO	FAROE_ISLES
DNKFRO	FAEROE_ISLES
DNKFRO	FOROYAR
DNKFRO	FAEROERNE
DNKFRO	FAROE
DNKFRO	FAEROYENE]
DNKFRO	FAROER
DNKFRO	FAROER_ISLANDS
DNKFRO	FAROE_ISLAND
DNKFRO	FAEROES
DNKFRO	FAROESE_ISLANDS
DNKFRO	FAER_OER
DNKFRO	FAROEE_ISLANDS
DNKFRO	FAEROEE
DNKFRO	FAEROYENE
DNKFRO	FAR_OER
DNKFRO	FAEREYJAR
=== countrycode=DNKGRL cowalpha=---
DNKGRL	GREENLAND
DNKGRL	GREENLANDER
DNKGRL	GRONLAND
DNKGRL	KALAALLIT_NUNAAT
=== countrycode=DOM cowalpha=---
DOM	DOMINICAN_REPUBLIC
DOM	DOMINICAN
DOM	REPUBLICA_DOMINICANA
DOM	DOMINICANREPUBLIC
DOM	DOMINIC_REPUBLICAN
DOM	DOMINIC_REPUBLIC
DOM	CABO_FALSO
DOM	REPUBLIQUE_DOMINICAINE
DOM	DOM_REP
DOM	DOMINCIAN_REPUBLIC
DOM	DOMINICAANSE_REPUBLIEK
DOM	REPUBLIC_OF_DOMINICA
DOM	QUISQUEYA_LA_BELLA
=== countrycode=DZA cowalpha=---
DZA	ALGERIA
DZA	ALGERIAN
DZA	DZAYER
DZA	ALGERIE
DZA	AD_DIMUQRATIYAH_ASH_SHA'BIYAH
DZA	AL_JUMHURIYAH_AL_JAZA'IRIYAH
=== countrycode=ECU cowalpha=---
ECU	ECUADOR
ECU	ECUADOREAN
ECU	ECUADORIAN
ECU	EQUADOR
=== countrycode=EGY cowalpha=---
EGY	EGYPT
EGY	EGYPTIAN
EGY	EGYPTE
EGY	EGIPT
EGY	EGIPTO
EGY	KEMMET
EGY	KEMET
EGY	EYGPT
EGY	EJIPT
EGY	KIMET
EGY	JUMHURIYAT_MISR_AL'ARABIYAH
EGY	MESIR
=== countrycode=ERI cowalpha=---
ERI	ERITREA
ERI	ERITREAN
ERI	ERYTHRAEA
ERI	ERYTHRAIA
ERI	ERUTHRAIA
ERI	ERYTHREA
ERI	ERITERIA
ERI	ERITRIA
ERI	ERTRA
ERI	ERYTHREE
ERI	ERITIREA
ERI	IRITRIYA
=== countrycode=ESH cowalpha=---
ESH	WESTERN_SAHARA
ESH	SAHARAWIAN
ESH	SAHARAOUIAN
ESH	WEST_SAHARA
ESH	SAHARAN_PROVINCES
ESH	SAHARA_OCCIDENTAL
ESH	MOROCCO_OCCUPIED_WESTERN_SAHARA
=== countrycode=ESP cowalpha=---
ESP	SPAIN
ESP	SPANIARD
ESP	SPANISH
ESP	ESPANYA
ESP	SEUPEIN
ESP	SUPEIN
ESP	ESEUPANYA
ESP	ESUPANYA
ESP	ESPANA
ESP	ESPAINIAKO_ERRESUMA
ESP	REGNE_D'ESPANHA
ESP	REGNE_D'ESPANYA
ESP	ESTADO_ESPANOL
ESP	SPANJE
ESP	SPANE
=== countrycode=EST cowalpha=---
EST	ESTONIA
EST	ESTONIAN
EST	ESTHONIA
EST	EESTIMAA
EST	IGAUNIJA
EST	ESTIJA
EST	ESTONIJA
EST	ESTONIE
EST	ESTONYA
EST	EESTI_VABARIIK
=== countrycode=ETH cowalpha=---
ETH	ETHIOPIA
ETH	ETHIOPIAN
ETH	ITYOP'IA
ETH	ETHOPIA
ETH	HABESHISTAN
ETH	ETIOPIA
ETH	ABBYSINIA
ETH	ABBYSINNIA
ETH	ETHIOPAI
ETH	ETHIOPIOA
ETH	ITYOPPYA
ETH	ITYOP'PYA
ETH	AETHIOPIA
ETH	ETHIOP
ETH	ETHEOPIA
ETH	ABISSINIA
ETH	ABYSINNA
ETH	YALTOPYA
=== countrycode=FIN cowalpha=---
FIN	FINLAND
FIN	FINN
FIN	FINNISH
FIN	SUOMEN_TASAVALTA
FIN	SOOME
FIN	FENNO
FIN	FINLANDE
FIN	FIN_LAND
=== countrycode=FJI cowalpha=---
FJI	FIJI
FJI	FIJIAN
FJI	FIDJI
FJI	FIJIS
FJI	CIKOBIA
FJI	UDU_POINT
FJI	YACATA
FJI	NAITAUBU
FJI	CHIKOBA
FJI	MATANITU_KO_VITI
=== countrycode=FRA cowalpha=---
FRA	FRANCE
FRA	FRENCH
FRA	FRANKREICH
FRA	PEURANGSEU
FRA	PURANGSU
FRA	L'HEXAGONE
FRA	REPUBLIQUE_FRANCAISE
FRA	FRANCIO
FRA	FRANTA
FRA	FRANSE
FRA	FRANCIAORSZAG
FRA	MAYOTTE
FRA	MAHORAIS
FRA	MAHORAN
FRA	MAHORE
FRA	MAWUTI
FRA	MAYOTTA
FRA	SAINT_BARTHELEMY
FRA	SAINT_BARTHELEMANS
FRA	BARTHELEMANS
=== countrycode=FRAGLP cowalpha=---
FRAGLP	GUADELOUPE
FRAGLP	GUADALOUPE
FRAGLP	GUADELOPE
FRAGLP	GAUDALOUPE
FRAGLP	GUADELOUPIAN
FRAGLP	GUADELOUPEAN
=== countrycode=FRAGUF cowalpha=---
FRAGUF	FRENCH_GUIANA
FRAGUF	FRENCH_GUIANESE
FRAGUF	FRENCH_GUYANE
FRAGUF	GUYANE_FRANCAISE
FRAGUF	FRENCH_GUYANA
FRAGUF	REGION_GUYANE
FRAGUF	GUYANA_FRANCOISE
FRAGUF	GUIANA_FRANCESA
FRAGUF	GUYANE_DEPARTEMENT
=== countrycode=FRAMTQ cowalpha=---
FRAMTQ	MARTINIQUE
FRAMTQ	MARTINIQUAIS
FRAMTQ	MARTINIQUAN
=== countrycode=FRANCL cowalpha=---
FRANCL	NEW_CALEDONIA
FRANCL	NEW_CALEDONIAN
FRANCL	KANAKY
FRANCL	CALEDONIEN
FRANCL	NOUVELLE_CALEDONIE
FRANCL	NEO_CALEDONIEN
FRANCL	NEOCALEDONIEN
FRANCL	NEW_CALIDONIA
FRANCL	NOVA_CALEDONIA
FRANCL	COLLECTIVITE_SUI_GENERIS
=== countrycode=FRAPYF cowalpha=---
FRAPYF	FRENCH_POLYNESIA
FRAPYF	FRENCH_POLYNESIAN
FRAPYF	FRENCH_OCEANIA
=== countrycode=FRNWLF cowalpha=---
FRNWLF	WALLIS_AND_FUTUNA_ISLANDS
FRNWLF	WALLISIAN
FRNWLF	FUTUNAN
FRNWLF	WALLIS_ISLANDER
FRNWLF	FUTUNA_ISLANDER
FRNWLF	WALLIS_AND_FUTANA
FRNWLF	WALLIS_&_FUTUNA
FRNWLF	WALLIS_ARCHIPELAGO
FRNWLF	ILES_WALLIS
FRNWLF	WALLIS_ISLANDS
FRNWLF	WALLIS_ET_FUTUNA
FRNWLF	WALLIS_AND_FUTUNA
FRNWLF	WALLIS_FUTUNA
FRNWLF	UVEA_MO_FUTUNA
=== countrycode=FSM cowalpha=---
FSM	MICRONESIA
FSM	MICRONESIAN
FSM	MIKRONESIA
FSM	FEDERATED_STATES_OF_MICRONESIA
=== countrycode=GAB cowalpha=---
GAB	GABON
GAB	GABONESE
GAB	GABUN
GAB	GABONAISE
=== countrycode=GBR cowalpha=---
GBR	UNITED_KINGDOM
GBR	BRITISH
GBR	GREAT_BRITAIN
GBR	BRITAIN
GBR	BRITON
GBR	ENGLISHMAN
GBR	ENGLISHWOMAN
GBR	SCOT
GBR	SCOTLAND
GBR	SCOTSMAN
GBR	SCOTSWOMAN
GBR	WALES
GBR	WELSH
GBR	WELSHMAN
GBR	WELSHWOMAN
GBR	NORTHERN_IRISH
GBR	NORTHERN_IRISHMAN
GBR	NORTHERN_IRISHWOMAN
GBR	GREAT_BRITIAN
GBR	GREAT_BRITTAIN
GBR	GRET_BRYTON
GBR	BREATAINN_MHOR
GBR	PRYDAIN_FAWR
GBR	GRAN_BRETANA
GBR	BRITANNIA
GBR	GT._BRIT
GBR	U.K.
GBR	U.K
GBR	THE_UK
GBR	YEONGGUK
GBR	YONGGUK
GBR	UNITED_KINGSOM
GBR	YINGGUO
GBR	TUKOGBANI
GBR	UNITED_KINDGOM
GBR	UKGBNI
GBR	U.K.G.B.N.I.
GBR	ROYAUME_UNI
GBR	UKOGBANI
GBR	GREAT_BRITAIN_AND_ULSTER
GBR	GREAT_BRITAIN_&_ULSTER
GBR	VERENIGD_KONINKRIJK
GBR	UNITED_KINGOM
GBR	REINO_UNIDO
GBR	REGNO_UNITO
GBR	UNTIED_KINGDOM
GBR	UKANIA
GBR	JERSEY
GBR	JERSEYMAN
GBR	JERSEYWOMAN
GBR	ANGIA
=== countrycode=GBRFLK cowalpha=---
GBRFLK	FALKLAND_ISLANDS
GBRFLK	FALKLAND_ISLANDER
GBRFLK	FALKLANDS
GBRFLK	MALVINAS
GBRFLK	FAULKLAND
GBRFLK	SEBALD_ISLAND
GBRFLK	FALKLAND_ISLE
GBRFLK	FALKAND_ISLAND
GBRFLK	MALVINES
GBRFLK	MALVINE_ISLES
GBRFLK	MALVINE_ISLANDS
=== countrycode=GBRGIB cowalpha=---
GBRGIB	GIBRALTAR
GBRGIB	GIBRALTARIAN
GBRGIB	GIBRALTER
GBRGIB	GIBILTERRA
GBRGIB	JABAL_AL_TARIQ
GBRGIB	GILBRATAR
GBRGIB	GILBRALTAR
GBRGIB	GIBRALTA
GBRGIB	JABAL_TARIQ
GBRGIB	GIRBRALTAR
GBRGIB	BRITISH_GIBRALTAR
GBRGIB	CEBELITARIK
=== countrycode=GBRIMY cowalpha=---
GBRIMY	ISLE_OF_MAN
GBRIMY	MANX
GBRIMY	ISLAND_OF_MAN
GBRIMY	ISLE_OF_MANN
GBRIMY	MANNIN
GBRIMY	MONAOEDA
GBRIMY	MAN_ISLAND
GBRIMY	MONAPIA
=== countrycode=GBRMSR cowalpha=---
GBRMSR	MONTSERRAT
GBRMSR	MONTSERRATIAN
GBRMSR	MONTSERAT
=== countrycode=GBRPCN cowalpha=---
GBRPCN	PITCAIRN
GBRPCN	PITCAIRN_ISLANDER
=== countrycode=GBRSHN cowalpha=---
GBRSHN	SAINT_HELENA
GBRSHN	SAINT_HELENIAN
GBRSHN	ST_HELENA
GBRSHN	ST._HELENA
GBRSHN	ST.HELENA
GBRSHN	SAINT_HELENIANS
=== countrycode=GBRVGB cowalpha=---
GBRVGB	BRITISH_VIRGIN_ISLANDS
GBRVGB	BRITISH_VIRGIN_ISLANDER
GBRVGB	VIRGIN_ISLANDS_(UK)
GBRVGB	VIRGIN_ISLANDS,_BRITISH
GBRVGB	UK_VIRGIN_ISLANDS
=== countrycode=GEO cowalpha=---
GEO	GEORGIA
GEO	GEORGIAN
GEO	REPUBLIC_OF_GEORGIA
GEO	GORJESTAN
GEO	SAKARTVELO
GEO	GEORGIA_(CAUCASUS)
GEO	GEORGIA_(COUNTRY)
GEO	GEORGIA_(REPUBLIC)
GEO	SAK'ART'VELO
GEO	GEORGIA_(NATION)
GEO	GEORGIA_(SOVEREIGN_STATE)
GEO	GEORGIA_(EURASIAN_STATE)
GEO	GEORGIA_(SAKARTVELO)
GEO	WESTERN_GEORGIA
GEO	GRUZIYA
GEO	GEORGIAN_REPUBLIC
GEO	GEORGIA,_ASIA
GEO	GEORGIA_COUNTRY
GEO	GEORGIA,_CAUCASUS
GEO	GRUZIA
GEO	GEORGIA_PROPER
GEO	GORJISTAN
GEO	COUNTRY_OF_GEORGIA
GEO	VIRSHAN
GEO	KARTVELEBISTAN
GEO	GURJISTAN
GEO	GURCISTAN
GEO	GHEORGHIA
GEO	SAKARTVELOBANTUSTAN
GEO	GURJIA
=== countrycode=GGY cowalpha=---
GGY	GUERNSEY
GGY	GUERNS
GGY	GURNS
GGY	GUERNSEYMEN
GGY	CHANNEL_ISLAND
GGY	GUENSEY
GGY	GUERNESEY
=== countrycode=GHA cowalpha=---
GHA	GHANA
GHA	GHANAIAN
=== countrycode=GIN cowalpha=---
GIN	GUINEA
GIN	GUINEAN
GIN	RIVIERES_DU_SUD
GIN	GUINEE
=== countrycode=GMB cowalpha=---
GMB	GAMBIA
GMB	GAMBIAN
GMB	SMILING_COAST
=== countrycode=GNB cowalpha=---
GNB	GUINEA_BISSAU
GNB	GUINEA_BISSAUAN
GNB	GUINE_BISSAU
GNB	GIUNEA_BISSAU
GNB	BISSAU_GUINEA
GNB	GUINEE_BISSAU
GNB	GUINEA_(BISSAU)
GNB	GUINEA_BISS.
=== countrycode=GNQ cowalpha=---
GNQ	EQUATORIAL_GUINEA
GNQ	EQUATORIAL_GUINEAN
GNQ	EQUATOGUINEAN
GNQ	GUINEA_ECUATORIAL
GNQ	EQUATORIAL_GUINIEA
GNQ	EQUATORIAL_GUNIEA
GNQ	EQUITORIAL_GUINEA
GNQ	EQUATOGUINEA
GNQ	GUINE_EQUATORIAL
GNQ	GUINEA_EQUATORIALE
GNQ	EQUATORIAL_GUINEAU
GNQ	GUINEE_EQUATORIALE
GNQ	EQUATORIAL_GUINEE
GNQ	EQGUIN
GNQ	EQ._GUINEA
GNQ	SPANISH_GUINEA
=== countrycode=GRC cowalpha=---
GRC	GREECE
GRC	GREEK
GRC	HELLENIC_REPUBLIC
GRC	HELLAS
GRC	ELLADA
GRC	ELADHA
GRC	FTPOY
GRC	FORMER_TURKISH_PROVINCE_OF_YUNANISTAN
GRC	GRECCE
GRC	GRECE
GRC	YANANISTAN
GRC	GRIEKENLAND
GRC	PICKI_U_DUSA
GRC	REPUBLIQUE_HELLENIQUE
GRC	GRAECIA
GRC	ELLINIKI_DIMOKRATIA
=== countrycode=GRD cowalpha=---
GRD	GRENADA
GRD	GRENADIAN
GRD	GRENADAN
GRD	GRENADINES
GRD	GRENADA_AND_CARRIACOU
=== countrycode=GTM cowalpha=---
GTM	GUATEMALA
GTM	GUATEMALAN
GTM	GUATELMALA
GTM	GUATAMALA
GTM	GUTZEMALA
=== countrycode=GUY cowalpha=---
GUY	GUYANA
GUY	GUYANESE
GUY	GUYANNA
=== countrycode=HKG cowalpha=---
HKG	HONG_KONG
HKG	HONG_KONGER
HKG	HONGKONG
HKG	HKSAR
HKG	HEUNG_GONG
HKG	HSIANG_KANG
HKG	SIANGGANG
HKG	XIANG_GANG
HKG	SHANG_GANG
HKG	HSANGKANG
HKG	HSIAN_KANG
HKG	HON_KON
HKG	HSIANKANG
HKG	CHEUNG_FAT_ESTATE
HKG	HYANGHANG
HKG	HONG_CONG
HKG	HOG_KOG
HKG	HIDDEN_PIRATE_ISLAND
HKG	HONK_KONG
=== countrycode=HND cowalpha=---
HND	HONDURAS
HND	HONDURAN
HND	HONDORAS
=== countrycode=HRV cowalpha=---
HRV	CROATIA
HRV	CROATIAN
HRV	CROAT
HRV	HRVATSKA
HRV	REPUBLIC_OF_CROATIA
HRV	CROATIA/HRVATSKA
HRV	HIRVATISTAN
HRV	KROATIEN
HRV	REPUBLIKA_HRVATSKA
HRV	CROAZIA
HRV	KROATIA
HRV	HRAVATSKA
HRV	CROTAIA
HRV	CROATIE
HRV	CROACIA
=== countrycode=HTI cowalpha=---
HTI	HAITI
HTI	HAITIAN
=== countrycode=HUN cowalpha=---
HUN	HUNGARY
HUN	HUNGARIAN
HUN	MAGYARORSZAG
HUN	UNGARN
HUN	HUNGRAY
HUN	HUNGERY
HUN	HONGRIE
HUN	MAGYAR_KOEZTARSASAG
HUN	MAGYAR_KOZTARSASAG
HUN	HUNGRIA
HUN	MADARSKO
HUN	UNGHERIA
HUN	HONGARIJE
=== countrycode=IDN cowalpha=---
IDN	INDONESIA
IDN	INDONESIAN
IDN	INDONISIA
IDN	INDNONESIA
IDN	INDONNESIA
IDN	INDONESIE
IDN	INDONEZIO
IDN	INSULINDE
IDN	INDONESHIA
IDN	DUTCH_EAST_INDIES
=== countrycode=IND cowalpha=---
IND	INDIA
IND	INDIAN
IND	BHARAT
IND	AL_HIND
IND	CROWN_JEWEL_OF_THE_BRITISH_EMPIRE
IND	TENJIKUKOKU
IND	INDYA
IND	INDEA
IND	HINDIO
IND	BHART
IND	LES_INDES
IND	AUROBINDA_SARANI
IND	YIN_DU
=== countrycode=IRL cowalpha=---
IRL	IRELAND
IRL	EIRE
IRL	IRISH
IRL	IRISHMAN
IRL	IRISHWOMAN
IRL	REP_OF_IRE
=== countrycode=IRN cowalpha=---
IRN	IRAN
IRN	IRANIAN
IRN	PERSIA
IRN	DAS_PERSIEN
IRN	LA_PERSE
=== countrycode=IRQ cowalpha=---
IRQ	IRAQ
IRQ	IRAQI
IRQ	IRAK
IRQ	AL_'IRAQ
IRQ	IRAK_ARABI
IRQ	ERAGH
IRQ	ERAQ
IRQ	AJ_JUMHURIYAH_AL_'IRAQIYAH
IRQ	KOMARA_IRAQE
IRQ	IRAQUI
IRQ	A'RAQ
IRQ	IRAQE
IRQ	IRACK
=== countrycode=ISL cowalpha=---
ISL	ICELAND
ISL	ICELANDER
ISL	ICEALND
ISL	LYDVELDID
ISL	IJSLAND
=== countrycode=ISR cowalpha=---
ISR	ISRAEL
ISR	ISRAELI
ISR	YISRAEL
ISR	ISREAL
ISR	ISRAIL
ISR	YISRA'EL
ISR	YISROEL
ISR	YISROEIL
ISR	ISRAYL
ISR	ISREALI
ISR	ISRAELIM
ISR	ISRAELIAN
ISR	IZRAEL
ISR	ISRA'IL
ISR	HEBREW_STATE
ISR	ISTRAEL
ISR	ISREAEL
=== countrycode=ITA cowalpha=---
ITA	ITALY
ITA	ITALIAN
ITA	YITALIA
ITA	ITALIE
ITA	ITALIO
ITA	ITALIA
ITA	ITALIJA
=== countrycode=JAM cowalpha=---
JAM	JAMAICA
JAM	JAMAICAN
JAM	JAMICA
JAM	XAMAYCA
JAM	JAMROCK
JAM	XAYMACA
JAM	JAMACA
JAM	JAMACIAN
=== countrycode=JOR cowalpha=---
JOR	JORDAN
JOR	JORDANIAN
JOR	KINGDOM_OF_THE_JORDAN
JOR	HASHEMITE_KINGDOM_OF_THE_JORDAN
JOR	KINGDOM_OF_JORDAN
JOR	JORDON
JOR	AL_'URDUN
JOR	JORDAN_(COUNTRY)
JOR	AL_URDUNN
JOR	URDUN
JOR	JORDANIE
JOR	TRANSJORDAN
JOR	H.K_OF_JORDAN
=== countrycode=JPN cowalpha=---
JPN	JAPAN
JPN	JAPANESE
JPN	NIHON
JPN	JAPANG
JPN	GIAPAN
JPN	ILBON
JPN	YILBON
JPN	RIBEN
JPN	HINOMOTO
JPN	JPAN
JPN	JAPON
JPN	NIHON_KOKU
JPN	MOONLAND
JPN	GIAPPONE
JPN	NIPPON_KOKU
JPN	IAPAM
JPN	JAPOA
JPN	JAPANIO
JPN	JEPUN
JPN	THE_LAND_OF_THE_RISING_SUN
JPN	JAPAO
=== countrycode=KAZ cowalpha=---
KAZ	KAZAKHSTAN
KAZ	KAZAKHSTANI
KAZ	KAZAKSTAN
KAZ	KAZAKHISTAN
KAZ	KAZHAKSTAN
KAZ	KHAZAHSTAN
KAZ	QAZAQSTAN
KAZ	KAZACHSTAN
KAZ	KAZAHSTAN
KAZ	KHAZAKSTAN
KAZ	KHAZAKASTAN
KAZ	KHAZAKHSTAN
KAZ	KAZASTAN
KAZ	KAZAKISTAN
KAZ	KAZAHKSTAN
KAZ	KAZAHASTAN
KAZ	KAZAJASTAN
KAZ	KASAKSTAN
=== countrycode=KEN cowalpha=---
KEN	KENYA
KEN	KENYAN
KEN	KENIA
KEN	KENYALAND
=== countrycode=KGZ cowalpha=---
KGZ	KYRGYZSTAN
KGZ	KYRGYZ
KGZ	KIRGHIZ
KGZ	KYRGYSTAN
KGZ	KIRGIZIYA
KGZ	KIRGHIZISTAN
KGZ	KIRGHIZIA
KGZ	KIRGHIZSTAN
KGZ	KIRGHIZ_REPUBLIC
KGZ	KYRGZYSTAN
KGZ	KIRGIZSTAN
KGZ	KHIRGIZSTAN
KGZ	KHIRGHIZSTAN
KGZ	KYRGIZSTAN
KGZ	KYRGHYZSTAN
KGZ	KHIRGYZSTAN
KGZ	KHYRGYZSTAN
KGZ	KHYRGHYZSTAN
KGZ	KIRGISTAN
KGZ	KHIRGISTAN
KGZ	KHIRGHISTAN
KGZ	KIRGHISTAN
KGZ	KYRGISTAN
KGZ	KYRGHYSTAN
KGZ	KHIRGYSTAN
KGZ	KHYRGYSTAN
KGZ	KHYRGHYSTAN
KGZ	KIRGIZIA
KGZ	KHIRGIZIA
KGZ	KHIRGHIZIA
KGZ	KYRGIZIA
KGZ	KYRGHYZIA
KGZ	KHIRGYZIA
KGZ	KHYRGYZIA
KGZ	KHYRGHYZIA
KGZ	KIRGISISTAN
KGZ	KIRGIZISTAN
KGZ	KYRGHIZIA
KGZ	KIRGHYZIA
KGZ	QUIRGHYZIA
KGZ	KYRGHIZSTAN
KGZ	KYRGYZTAN
KGZ	KIRGYZSTAN
KGZ	KYRGYG
KGZ	KRYGZSTAN
KGZ	KYRGESTAN
KGZ	KYRGZSTAN
KGZ	KYRZYGSTAN
KGZ	KYRZYGYSTAN
KGZ	KYRGYZISTAN
KGZ	KIRGIZTAN
KGZ	KIRGYSTAN
KGZ	KYRGYZIA
KGZ	KRYGYZSTAN
=== countrycode=KHM cowalpha=---
KHM	CAMBODIA
KHM	CAMBODIAN
KHM	KAMPUCHEA
KHM	KINGDOM_OF_CAMBODIA
KHM	CAMPUCHEA
KHM	CAMBODGE
KHM	CAMBODJA
KHM	SROK_KHMER
KHM	PREAH_REACH_ANA_PAK
KHM	KAMBODIA
=== countrycode=KIR cowalpha=---
KIR	KIRIBATI
KIR	I-KIRIBATI
KIR	KIRIBATIY
KIR	KIRIBAHS
KIR	KIRIBAS
KIR	'KIRIBAS
KIR	KEARABASS
KIR	KIRIABASS
KIR	KERABASS
KIR	KERABAS
=== countrycode=KNA cowalpha=---
KNA	SAINT_KITTS_AND_NEVIS
KNA	KITTIAN
KNA	KITTITIAN
KNA	NEVISIAN
KNA	SAINT_KITTS_NEVIS
KNA	SAINT_KITTS
KNA	ST_KITTS
KNA	ST._KITTS
KNA	ST._KITTS_AND_NEVIS
KNA	ST._CHRISTOPHER_AND_NEVIS
KNA	ST_KITTS_AND_NEVIS
KNA	SAINT_KITTS_&_NEVIS
KNA	ST._KITTS_&_NEVIS
KNA	ST_KITTS_NEVIS
KNA	SAINT_CHRISTOPHER_AND_NEVIS
KNA	ST_CHRISTOPER_AND_NEVIS
KNA	SAN_CRISTOBAL_Y_NEVIS
KNA	ST._KITTS_NEVIS
KNA	ST_KITTS_&_NEVIS
KNA	KITTSIAN
KNA	NEVIS_AND_ST_KITTS
KNA	NEVIS_AND_ST._KITTS
KNA	ST_CHRISTOPHER_&_NEVIS
KNA	ST_CHRISTOPHER_AND_NEVIS
=== countrycode=KOR cowalpha=---
KOR	SOUTH_KOREA
KOR	SOUTH_KOREAN
KOR	HAN_GUK
KOR	S._KOREA
KOR	KOREA,_REPUBLIC_OF
KOR	KOREA_(SOUTH)
KOR	DAEHAN
KOR	REPUBLIC_OF_KOREA
KOR	R.O.K.
KOR	HANGUK
KOR	SOUTH_COREA
KOR	KANKOKU
KOR	S_KOREA
KOR	KOREA_REPUBLIC
KOR	DAHAN_MINGUO
KOR	REPUBLIC_OF_COREA
KOR	DAEHANMINGUK
KOR	KOREA_SOUTH
KOR	HANGUG
KOR	S.KOREA
KOR	HAN'GUK
KOR	KOREAN_REPUBLIC
KOR	COREAN_REPUBLIC
KOR	COREA_REPUBLIC
KOR	KOREA_(SEOUL)
KOR	ROK
KOR	SKOREA
KOR	TAEHAN_MIN'GUK
=== countrycode=KSV cowalpha=---
KSV	KOSOVO
KSV	KOSOVAR
KSV	KOSOVE
KSV	METOHIA
KSV	KOSMET
KSV	METOHIJA
KSV	KOSOVA
KSV	KOSVO
KSV	KOSSOVO
KSV	COSOVO
KSV	KOSAVO
KSV	KOSOVCI
KSV	KOSOVES
KSV	KOSOVALIVE
KSV	COSSOVO
=== countrycode=KWT cowalpha=---
KWT	KUWAIT
KWT	KUWAITI
KWT	KUWAYT
KWT	KUAIT
KWT	KUWET
KWT	KOWEIT
KWT	KOWAIT
KWT	KUWAITIS
KWT	KUWEIT
=== countrycode=LAO cowalpha=---
LAO	LAOS
LAO	LAOTIAN
LAO	LAO_PDR
LAO	LPDR
=== countrycode=LBN cowalpha=---
LBN	LEBANON
LBN	LEBANESE
LBN	LUBNANIYAH
LBN	LUBNAN
LBN	LEBANNON
LBN	LIBANON
LBN	LEBNEN
LBN	LEBANONE
=== countrycode=LBR cowalpha=---
LBR	LIBERIA
LBR	LIBERIAN
=== countrycode=LBY cowalpha=---
LBY	LIBYA
LBY	LIBYAN
LBY	LYBIA
LBY	LEHABIM
LBY	LIBIYAH
LBY	LIBIYA
LBY	LIBIA
LBY	GSPLAJ
=== countrycode=LCA cowalpha=---
LCA	SAINT_LUCIA
LCA	SAINT_LUCIAN
LCA	ST._LUCIA
LCA	ST_LUCIA
LCA	ST.LUCIA
LCA	SAINT._LUCIA
LCA	BANNZIL_KWEYOL
=== countrycode=LIE cowalpha=---
LIE	LIECHTENSTEIN
LIE	LIECHTENSTEINER
LIE	LEICHTENSTEIN
LIE	LICHENSTEIN
LIE	LIECHENSTEIN
LIE	LIECHTENSTIEN
LIE	LEICHENSTEIN
LIE	LIECHT
LIE	LITCHTENSTEIN
LIE	LIECH
LIE	LIECHTENSTIN
LIE	LIECHTENSTEINERS
LIE	LICHTENSTEIN
=== countrycode=LKA cowalpha=---
LKA	SRI_LANKA
LKA	SRI_LANKAN
LKA	CEYLON
LKA	TAPROBANE
LKA	HELAYA
LKA	HELA_DIVA
LKA	SIR_LANKA
LKA	SRILANKA
LKA	SRI_LANCA
LKA	HELADIVA
LKA	CEILAN
LKA	ILANKAI
LKA	CEILAO
LKA	S_LANKA
LKA	SRI_LANAK
LKA	CEYLONESE
LKA	SEILAN
LKA	VENERABLE_ISLAND
LKA	CEJLON
=== countrycode=LSO cowalpha=---
LSO	LESOTHO
LSO	MOSOTHO
LSO	BASOTHO
LSO	LETHOTO
LSO	LESOTO
LSO	LESTHO
LSO	LESHOTO
=== countrycode=LTU cowalpha=---
LTU	LITHUANIA
LTU	LITHUANIAN
LTU	LIETUVA
LTU	LITTAW
LTU	LITUANIA
LTU	LITAUEN
LTU	LIETOVA
LTU	LITVA
LTU	LIETUVOS
LTU	LITUANIE
LTU	LITHUENIA
=== countrycode=LUX cowalpha=---
LUX	LUXEMBOURG
LUX	LUXEMBOURGER
LUX	LUXEMBURG
LUX	LETZEBUERG
LUX	LUXEMBERG
LUX	LUXEMBOURGH
LUX	LEXUMBOURG
LUX	LUXEMBURGER
LUX	LUXEMBORG
LUX	LEXENBURG
LUX	LUSSEMBURGO
=== countrycode=LVA cowalpha=---
LVA	LATVIA
LVA	LATVIAN
LVA	LETTONIA
LVA	LATVIJA
LVA	LETTLAND
LVA	LATVIJAS
LVA	LITAVIA
LVA	LETTONIE
LVA	LETLAND
LVA	LETONIA
=== countrycode=MAR cowalpha=---
MAR	MOROCCO
MAR	MOROCCAN
MAR	MORROCCO
MAR	MORROCO
MAR	MAROC
MAR	MAROKKO
MAR	MOROCO
MAR	MAROCKO
MAR	MAROCO
MAR	MAROKO
MAR	MORROCAN
=== countrycode=MCO cowalpha=---
MCO	MONACO
MCO	MONEGASQUE
MCO	MONACAN
MCO	MUNEGU
MCO	MONOCCO
MCO	MONACCO
MCO	MONEGASQUES
=== countrycode=MDA cowalpha=---
MDA	MOLDOVA
MDA	MOLDOVAN
MDA	MOLDOWA
MDA	MOLDAVIA
MDA	MOLDAVIEN
MDA	MODOLVA
=== countrycode=MDG cowalpha=---
MDG	MADAGASKAR
MDG	MALAGASY
MDG	MADAGASCAR
MDG	MADAGASIKARA
MDG	MADEGASCAR
MDG	MADEGASGAR
MDG	MADAGASGAR
MDG	MADGASCAR
MDG	ISLAND_OF_THE_MOON
=== countrycode=MDV cowalpha=---
MDV	MALDIVES
MDV	MALDIVAN
MDV	MALDIVE
MDV	MALDIVIANS
MDV	MALEDIVES
MDV	DEHEVI_JUMHURIYYA
=== countrycode=MEX cowalpha=---
MEX	MEXICO
MEX	MEXICAN
MEX	UNITED_STATES_OF_MEXICO
MEX	ESTADOS_UNIDOS_MEXICANOS
MEX	MEJICO
MEX	MEXICANOS
MEX	MEKSIKO
MEX	UNITED_STATES_OF_MEXICANS
MEX	MEIXCAN
MEX	MEHICO
MEX	MESSICO
MEX	MEXIQUE
MEX	MEKSIKA
MEX	ESTADOS_UNIDOS_DE_MEXICO
=== countrycode=MHL cowalpha=---
MHL	MARSHALL_ISLANDS
MHL	MARSHALLESE
MHL	MARSHAL_ISLANDS
=== countrycode=MKD cowalpha=---
MKD	MACEDONIA
MKD	MACEDONIAN
MKD	FYROM
MKD	TFYRM
MKD	MAZEDONIEN
MKD	ROMACEDONIA
MKD	SLAVOMACEDONIA
MKD	MAKEDONSKA
=== countrycode=MLI cowalpha=---
MLI	MALI
MLI	MALIAN
=== countrycode=MLT cowalpha=---
MLT	MALTA
MLT	MALTESE
=== countrycode=MMR cowalpha=---
MMR	MYANMAR
MMR	MYANMARESE
MMR	BURMESE
MMR	BURMA
MMR	MAYANMAR
MMR	BIRMA
MMR	MIANMAR
MMR	PYI_DAUNG_ZU_MYAN_MA_NAING_NGAN_DAW
MMR	MYAMMAR
MMR	BIRMANIE
MMR	MYANMER
MMR	MYANMA
=== countrycode=MNG cowalpha=---
MNG	MONGOLIA
MNG	MONGOLIAN
MNG	MONGOL
MNG	MONGOLIDS
MNG	MONGORIAN
MNG	ZUUN
MNG	HMONGOLIA
=== countrycode=MOZ cowalpha=---
MOZ	MOZAMBIQUE
MOZ	MOZAMBICAN
MOZ	MOSAMBIQUE
MOZ	MOCAMBIQUE
MOZ	MOZAMBIC
MOZ	MOZAMBIK
=== countrycode=MRT cowalpha=---
MRT	MAURITANIA
MRT	MAURITANIAN
MRT	MURITANIYAH
MRT	MAURITANIE
MRT	MURITANIA
MRT	BOUMDEIT
=== countrycode=MUS cowalpha=---
MUS	MAURITIUS
MUS	MAURITIAN
MUS	MAURITUS
MUS	ILE_MAURICE
MUS	MAURITUIS
MUS	MAURITAS
MUS	MAURITIAS
=== countrycode=MWI cowalpha=---
MWI	MALAWI
MWI	MALAWIAN
MWI	NYASSALAND
=== countrycode=MYS cowalpha=---
MYS	MALAYSIA
MYS	MALAYSIAN
MYS	M'SIA
MYS	MALYASIA
MYS	MALAYASIA
MYS	MAYLAYSIA
MYS	MALASIA
MYS	MALAISIA
MYS	MAYLASIA
MYS	MALAISIE
=== countrycode=NAM cowalpha=---
NAM	NAMIBIA
NAM	NAMIBIAN
=== countrycode=NER cowalpha=---
NER	NIGER
NER	NIGERIEN
=== countrycode=NGA cowalpha=---
NGA	NIGERIA
NGA	NIGERIAN
NGA	NAIJA
NGA	NAIJIRIA
NGA	NIJERIYA
NGA	NAIGERIA
NGA	NIISERIYA
NGA	NIGERIE
NGA	NICHERIA
NGA	NIG�ERIA
NGA	NIGERIYA
NGA	NIXERIA
NGA	NIGEERIA
NGA	NIGERIJA
=== countrycode=NIC cowalpha=---
NIC	NICARAGUA
NIC	NICARAGUAN
NIC	NICARUGUA
NIC	NICURAGUA
=== countrycode=NLD cowalpha=---
NLD	NETHERLANDS
NLD	DUTCH
NLD	DUTCHMAN
NLD	HOLLAND
NLD	HOLLANDER
NLD	NETHERLANDER
NLD	DUTCHWOMAN
NLD	NEATHERLANDS
NLD	DUTCH_INHABITANTS
NLD	NEHTERLANDS
NLD	PAYS_BAS
NLD	OLANDA
NLD	HOLLANDA
NLD	THE_NETHERALANDS
NLD	THE_NETHERLAND
=== countrycode=NLDANT cowalpha=---
NLDANT	NETHERLANDS_ANTILLES
NLDANT	NETHERLANDS_ANTILLEAN
NLDANT	DUTCH_WEST_INDIES
NLDANT	DUTCH_WEST_INDIA
NLDANT	NEDERLANDSE_ANTILLEN
NLDANT	NETHERLAND_ANTILLES
NLDANT	DUTCH_ANTILLES
NLDANT	NETHERLANDS_WEST_INDIES
NLDANT	NETHERLAND_ANTILLIES
NLDANT	KINGDOM_ISLANDS
NLDANT	ANTILLEN
NLDANT	NETHERLAND_WEST_INDIES
=== countrycode=NOR cowalpha=---
NOR	NORWAY
NOR	NORWEGIAN
NOR	NOREG
NOR	NORDS
NOR	KONGERIKET_NORGE
NOR	NOREGUR
NOR	NORWEGIA
NOR	NORWEGEN
NOR	NORVEGE
NOR	NOORWEGEN
=== countrycode=NPL cowalpha=---
NPL	NEPAL
NPL	NEPALESE
NPL	NEPAUL
=== countrycode=NRU cowalpha=---
NRU	NAURU
NRU	NAURUAN
NRU	NAOERO
=== countrycode=NZL cowalpha=---
NZL	NEW_ZEALAND
NZL	NEW_ZEALANDER
NZL	KIWI
NZL	NEWZEALAND
NZL	AOTEAROA
NZL	NIU_TIRENI
NZL	NU_TIRANI
NZL	NEW_ZEELAND
NZL	NEW_ZELAND
NZL	NEW_ZELANAD
NZL	N.Z.
NZL	STATEN_LANDT
NZL	NEW_ZAELAND
NZL	NEW_Z
NZL	KIWISTAN
NZL	NZER
NZL	NEW_ZEALND
NZL	NOVA_ZEELANDIA
NZL	STAATEN_LAND
NZL	STATEN_LAND
NZL	N._ZEALAND
NZL	NIEUW_ZEELAND
NZL	NOUVELLE_ZELANDE
NZL	SHEEPLAND
NZL	NEW_ZEALNAD
NZL	N_ZEALAND
=== countrycode=NZLNIU cowalpha=---
NZLNIU	NIUE
NZLNIU	NIUEAN
NZLNIU	NUIE
=== countrycode=NZLTKL cowalpha=---
NZLTKL	TOKELAU
NZLTKL	TOKELAUAN
NZLTKL	UNION_ISLANDS
NZLTKL	TOKEALU
NZLTKL	NUKUNONO
=== countrycode=OMN cowalpha=---
OMN	OMAN
OMN	OMANI
OMN	OMANIS
OMN	UMMAN
OMN	'OMAN
=== countrycode=PAK cowalpha=---
PAK	PAKISTAN
PAK	PAKISTANI
PAK	BAKISTAN
PAK	BAKSTAAN
PAK	BAKISTAAN
PAK	PAKSTAN
PAK	PACKISTAN
PAK	PAKISH
PAK	BANDA_JALAL_KHAN
PAK	PAQUISTAN
PAK	PAKISTANO
PAK	PAKISTANA
PAK	PAKISATAN
PAK	PAQUISTAO
=== countrycode=PER cowalpha=---
PER	PERU
PER	PERUVIAN
PER	PIRUW
PER	PERUANO
PER	PEROU
PER	PERUVIA
=== countrycode=PHL cowalpha=---
PHL	PHILIPPINES
PHL	FILIPINO
PHL	FILIPINA
PHL	PHILIPPINE
PHL	PHILLIPINE
PHL	PHILLIPINES
PHL	PHILLIPPINES
PHL	THE_PHILLIPINES
PHL	PHILIPINES
PHL	PILIPINAS
PHL	PHILIPINE
PHL	FILIPINAS
PHL	PHILLIPENES
PHL	FILIPPINES
PHL	FILIPINES
PHL	PHILLIPPENES
PHL	PEARL_OF_THE_ORIENT
=== countrycode=PLW cowalpha=---
PLW	PALAU
PLW	PALAUAN
PLW	PALAUS
PLW	TRUST_TERRITORY_OF_THE_PACIFIC
PLW	PELEW
=== countrycode=PNG cowalpha=---
PNG	PAPUA_NEW_GUINEA
PNG	PAPUA_NEW_GUINEAN
PNG	PAPUANEWGUINEA
PNG	NEW_GUINEA_PAPUA
PNG	PUA_PUA_NEW_GUNIEA
PNG	PAPAU_NEW_GUINEA
PNG	PAUPA_NEW_GUINEA
PNG	PAPA_NEW_GUINEA
PNG	PAPUA_NIUGINI
PNG	PAPUA_NIU_GINI
PNG	NIUGINI
PNG	NIU_GINI
=== countrycode=POL cowalpha=---
POL	POLAND
POL	POLISH
POL	POLE
POL	POLLAND
POL	POLEN
POL	POLSKA
POL	POLOGNE
POL	PLOAND
POL	POLND
POL	LENKIJA
POL	POLIJA
POL	POLEAND
=== countrycode=PRK cowalpha=---
PRK	NORTH_KOREA
PRK	NORTH_KOREAN
PRK	KOREA,_NORTH
PRK	N_KOREA
PRK	N._KOREA
PRK	DPRK
PRK	DEMOCRATIC_PEOPLES'_REPUBLIC_OF_KOREA
PRK	D.P.R.K.
PRK	DEMOCRATIC_PEOPLES_REPUBLIC_OF_KOREA
PRK	KOREA_(NORTH)
PRK	PEOPLE'S_DEMOCRATIC_REPUBLIC_OF_KOREA
PRK	DPR_KOREA
PRK	DEMOCRATIC_PEOPLE'S_REPUBLIC_OF_CHOSON
PRK	NORTH_KROEA
PRK	CHOSUN_MINJUJUUI_INMIN_GONGHWAGUK
PRK	CHOSON_MINJUJUUI_INMIN_KONGHWAGUK
PRK	PUKCHOSON
PRK	KOREA_DPR
PRK	KOREA_NORTH
PRK	SOVIET_KOREA
PRK	COMMUNIST_KOREA
PRK	CHAOXIAN_MINZHUZHUYI_RENMIN_GONGHEGUO
PRK	NORTH_COREA
PRK	DEMOCRATIC_PEOPLE'S_REPUBLIC_OF_COREA
PRK	DEMOCRATIC_PEOPLE'S_REPULIC_OF_KOREA
PRK	D.P.R._KOREA
PRK	DPRNK
PRK	RED_KOREA
PRK	PEOPLES_REPUBLIC_OF_KOREA
PRK	DR_KOREA
PRK	KIM'S_JOSEON_DYNASTY
PRK	KOREA_(PYONGYANG)
PRK	NKOREA
=== countrycode=PRT cowalpha=---
PRT	PORTUGAL
PRT	PORTUGUESE
PRT	PORTUGUAL
PRT	PORTGUAL
PRT	PORTUGUESA
PRT	PORTUGUES
PRT	PORTOGAIO
PRT	PORTEKIZ
PRT	PORTUGALI
PRT	PORTUGALSKA
PRT	PORTUGALSKO
PRT	PORTUGALLU
PRT	PORTUGALL
PRT	PORTUGALIJA
PRT	PORTYNGAL
PRT	PORTOGALLO
PRT	YN_PHORTIUGAL
PRT	PORTEGAL
PRT	PORTUGALIO
PRT	PORTIWGAL
PRT	PORTUGAUL
PRT	PORTUGALUJO
PRT	PORTUNGA
PRT	POTITI
PRT	PORTUGALE
PRT	BO_DAO_NHA
PRT	AN_PHORTAINGEIL
PRT	PHU_TO_GA
PRT	PORTUGALEJE
PRT	PORTOGALO
PRT	POTIGAL
PRT	O_PAPAGAIO
PRT	PORTUGA
PRT	PORTUGUL
=== countrycode=PRY cowalpha=---
PRY	PARAGUAY
PRY	PARAGUAYAN
PRY	PARAGAUY
PRY	PARUAGUAY
PRY	PARAGUAI
=== countrycode=PSE cowalpha=---
PSE	PALESTINE
PSE	PALESTINIAN
PSE	WEST_BANK
PSE	GAZA
PSE	OCCUPIED_TERRITORIES
PSE	CISJORDAN
PSE	FILISTIN
PSE	PALASTINE
PSE	PALAESTINA
PSE	PALESTINA
PSE	FELESTEEN
PSE	FALASTEEN
=== countrycode=QAT cowalpha=---
QAT	QATAR
QAT	QATARI
QAT	QUATAR
QAT	QTAAR
=== countrycode=ROU cowalpha=---
ROU	ROMANIA
ROU	ROMANIAN
ROU	RUMANIA
ROU	ROUMANIA
ROU	RUMUNIA
ROU	ROMINA
ROU	ROUMANIE
ROU	ROMAINIA
ROU	RUMANIEN
ROU	ROEMENIE
=== countrycode=RUS cowalpha=---
RUS	RUSSIAN_FEDERATION
RUS	RUSSIAN
RUS	RUSSIA
RUS	ROSSIYSKAYA
RUS	REOSIA
RUS	RUSSLAND
RUS	ROSSIJSKAJA
RUS	RUSSIE
RUS	VENAEJAE
RUS	VENAJA
RUS	ROSSIJA
RUS	RYSSLAND
RUS	POCCNR
=== countrycode=RWA cowalpha=---
RWA	RWANDA
RWA	RWANDAN
RWA	RAWANDA
RWA	RUANDA
RWA	RUANDO
RWA	RWNANDA
RWA	PAYS_DES_MILLE_COLLINES
RWA	PAYS_DES_MILLES_COLLINES
RWA	RIWANDA
RWA	ROWANDA
RWA	RWANDWA
=== countrycode=SAU cowalpha=---
SAU	SAUDI_ARABIA
SAU	SAUDI_ARABIAN
SAU	SAUDI
SAU	AL_ARABIYAH_AS_SA'UDIYAH
SAU	SAURI_ARABIA
SAU	SAUDIA_ARABIA
SAU	SAOUDI_ARABIA
SAU	SAUDIARABIA
SAU	S._ARABIA
=== countrycode=SDN cowalpha=---
SDN	SUDAN
SDN	SUDANESE
=== countrycode=SEN cowalpha=---
SEN	SENEGAL
SEN	SENEGALESE
=== countrycode=SGP cowalpha=---
SGP	SINGAPORE
SGP	SINGAPOREAN
SGP	CINGKAPPUR
SGP	XINJIAPO
SGP	SINGAPURA
SGP	SINGPORE
SGP	S'PORE
SGP	HSIN_CHIA_P'O
SGP	SINJIAPO
SGP	TUMASEK
SGP	LIGHT_OF_THE_SOUTH
SGP	SINGAPOUR
SGP	S'POREAN
SGP	SINGAPOR
SGP	SING_A_PORE
SGP	MANCHESTER_OF_THE_EAST
SGP	HSIN_CHIA_P'O_KUNG_HO_KUO
=== countrycode=SLB cowalpha=---
SLB	SOLOMON_ISLANDS
SLB	SOLOMON_ISLANDER
SLB	SOLOMONS
SLB	SOLOMON_ISLAND
SLB	SOLOMON_IS.
SLB	SOLOMAN_ISLANDS
=== countrycode=SLE cowalpha=---
SLE	SIERRA_LEONE
SLE	SIERRA_LEONEAN
SLE	SIERRA_LEOME
SLE	SIERRA_LEON
SLE	SERRA_LEOA
SLE	SIERRA_LIONE
SLE	SIERRA_LEONNE
SLE	SIERRRA_LEONE
SLE	SIERRA_LEONIAN
SLE	SIERRA_LEONIANS
SLE	SIERRE_LEONE
SLE	SIERRA_LEONEON
=== countrycode=SLV cowalpha=---
SLV	EL_SALVADOR
SLV	SALVADORAN
SLV	EL_SALBADOR
SLV	ELSALBADOR
SLV	SALVADOREAN
SLV	CUSCATLAN
=== countrycode=SMR cowalpha=---
SMR	SAN_MARINO
SMR	SAN_MARINESE
SMR	SAMMARINESE
SMR	CAPITANO_REGGENTE
SMR	CAPITANI_REGGENTI
SMR	SAINT_MARIN
=== countrycode=SOM cowalpha=---
SOM	SOMALIA
SOM	SOMALI
SOM	SOMALIAN
SOM	SOMALIYA
SOM	SOOMAALIYA
SOM	AS_SUMAL
SOM	SOMOLIA
SOM	SOMAILA
=== countrycode=SRB cowalpha=---
SRB	MONTENEGRO
SRB	SERB
SRB	MONTENEGRIN
SRB	SERBIAN
SRB	MUNTENEGRU
SRB	MONTENENGRO
SRB	MONTONEGRO
SRB	MONTINEGRO
SRB	CRNA_GORA
SRB	CERNOGORIA
SRB	SERBIA_AND_MONTENEGRO
SRB	SERBIA
SRB	SERBIA_AND_MONTERNAGRO
SRB	SERBIA_MONTENEGRO
SRB	SERBIA_&_MONTENEGRO
SRB	SRBIJA_I_CRNA_GORA
SRB	SERBIA_AND_MONTE_NEGRO
SRB	SERBIAN_MONTENEGRIN
SRB	THIRD_YUGOSLAVIA
SRB	FORMER_REPUBLIC_OF_YUGOSLAVIA
SRB	FEDERAL_REPUBLIC_OF_YUGOSLAVIA
SRB	MILOSEVIC'S_YUGOSLAVIA
SRB	SERBIE_ET_MONTENEGRO
SRB	YUGOSLAV_FEDERAL_REPUBLIC
SRB	SAVEZNA_REPUBLIKA_JUGOSLAVIJA
SRB	SR_YUGOSLAVIA
SRB	SR_JUGOSLAVIJA
=== countrycode=SSD cowalpha=---
SSD	SOUTH_SUDAN
SSD	SOUTH_SUDANESE
SSD	REPUBLIC_OF_SOUTH_SUDAN
=== countrycode=STP cowalpha=---
STP	SAO_TOME_AND_PRINCIPE
STP	SAO_TOMEAN
STP	PRINCIPE
STP	SAINT_THOMAS_AND_PRINCE
STP	SAO_TAOME_AND_PRINCIPE
STP	SAO_TOME_E_PRINCIPE
STP	SAO_THOME_AND_PRINCIPE
STP	SANTOMEAN
STP	ST._THOMAS_AND_PRINCE
STP	ST_THOMAS_AND_PRINCE
=== countrycode=SUR cowalpha=---
SUR	SURINAME
SUR	SURINAMER
SUR	SURINAM
SUR	DUTCH_GUIANA
SUR	NETHERLANDS_GUIANA
SUR	DUTCH_GUYANA
SUR	SURINAMESE
SUR	SRANANG
=== countrycode=SVK cowalpha=---
SVK	SLOVAKIA
SVK	SLOVAKIAN
SVK	SLOVAK
SVK	SLOVAK_REPUBLIC
SVK	SLOVENSKO
SVK	SLOVOKIA
SVK	SLOVAKLAND
SVK	SLOVAQUIE
SVK	SZLOVAKIA
SVK	ESLOVAQUIA
SVK	ESLOVACA
SVK	SLOVENSKA
=== countrycode=SVN cowalpha=---
SVN	SLOVENIA
SVN	SLOVENIAN
SVN	SLOVENE
SVN	SLOVENIJA
SVN	SLOVENIE
SVN	ESLOVENIA
=== countrycode=SWE cowalpha=---
SWE	SWEDEN
SWE	SWEDE
SWE	SVERIGE
SWE	SVEDEN
SWE	SCHWEDEN
=== countrycode=SWZ cowalpha=---
SWZ	SWAZILAND
SWZ	SWAZI
=== countrycode=SYC cowalpha=---
SYC	SEYCHELLES
SYC	SEYCHELLOIS
SYC	SEYCHELLE_ISLANDS
SYC	SEICHELLES
SYC	SEICHELES
SYC	SECHELLES
=== countrycode=SYR cowalpha=---
SYR	SYRIA
SYR	SYRIAN
SYR	SURIYAH
SYR	SOURIA
SYR	SYRIE
SYR	SYRIEN
=== countrycode=TCD cowalpha=---
TCD	CHAD
TCD	CHADIAN
TCD	TCHAD
TCD	CHADE
TCD	TSHAD
TCD	TSJAD
=== countrycode=TGO cowalpha=---
TGO	TOGO
TGO	TOGOLESE
TGO	TOGOLAISE
=== countrycode=THA cowalpha=---
THA	THAILAND
THA	THAI
THA	SIAM
THA	SAYAM
THA	TAILAND
THA	TAIHLAND
THA	THAILANDE
=== countrycode=TJK cowalpha=---
TJK	TAJIKISTAN
TJK	TAJIK
TJK	TADZHIK
TJK	TADZIKHISTAN
TJK	TADZHIKISTAN
TJK	TOJIKISTON
TJK	TAJIKSTAN
TJK	TOJIKISTAN
TJK	TADJIKISTAN
TJK	TAJIKESTAN
TJK	TADSCHIKISTAN
TJK	TAJKISTAN
TJK	TAJIK_REPUBLIC
TJK	TAIJIKISTAN
TJK	TADZHIKSTAN
=== countrycode=TKM cowalpha=---
TKM	TURKMENISTAN
TKM	TURKMEN
TKM	TURKMENIA
TKM	TURKMENOSTAN
TKM	TURKMANIA
TKM	TURKMANISTAN
TKM	TUERKMENISTAN
TKM	TURKIMENISTAN
TKM	TURKOMANIA
=== countrycode=TMP cowalpha=---
TMP	TIMOR_LESTE
TMP	TIMORESE
TMP	EAST_TIMOR
TMP	TIMOR_L'ESTE
TMP	TIMOR_LOROSA'E
TMP	TIMOR_TIMUR
TMP	RDTL
TMP	TIMOR_LOROSAE
TMP	DRTL
TMP	E._TIMOR
=== countrycode=TON cowalpha=---
TON	TONGA
TON	TONGAN
TON	FRIENDLY_ISLANDS
TON	MAKATUSI
TON	FUA�AMOTU
TON	EUA_ISLAND
TON	FUTUNA_ISLAND
=== countrycode=TTO cowalpha=---
TTO	TRINIDAD_AND_TOBAGO
TTO	TRINIDADIAN
TTO	TRINIDAD
TTO	TOBAGO
=== countrycode=TUN cowalpha=---
TUN	TUNISIA
TUN	TUNISIAN
TUN	TOUNISIYYA
TUN	TUNNISIA
TUN	TOUNES
TUN	TUNESIA
TUN	TUNISIE
TUN	TUNISA
=== countrycode=TUR cowalpha=---
TUR	TURKEY
TUR	TURKISH
TUR	TURK
TUR	TURKIYE
TUR	TURKY
TUR	TURKEI
TUR	TURCHIA
TUR	TURQUIE
TUR	TUERKIYE
TUR	TUERKEI
TUR	TURKIE
=== countrycode=TUV cowalpha=---
TUV	TUVALU
TUV	TUVALUAN
TUV	ELLICE_ISLANDS
TUV	ELLICE_ISLAND
TUV	TOOVALOO
TUV	LAGOON_ISLANDS
TUV	TUVALO
TUV	TEPUKA_SAVILIVILI
TUV	NIVALAKITA
=== countrycode=TWN cowalpha=---
TWN	TAIWAN
TWN	TAIWANESE
TWN	TAI_OAN
TWN	TAIOAN
TWN	TAWIAN
TWN	T'AIWAN
TWN	TAI_WAN
TWN	TAIOAAN
TWN	FORMOSA
TWN	TIAWAN
=== countrycode=TZA cowalpha=---
TZA	UNITED_REPUBLIC_OF_TANZANIA
TZA	TANZANIAN
TZA	TANZANIA
TZA	TANSANIA
TZA	TANGANYIKA
TZA	ZANZIBAR
TZA	TANZANIE
=== countrycode=UGA cowalpha=---
UGA	UGANDA
UGA	UGANDAN
UGA	OUGANDA
=== countrycode=UKR cowalpha=---
UKR	UKRAINE
UKR	UKRAINIAN
UKR	UKRANINIAN
UKR	UKRAINA
UKR	UKRAYINA
UKR	UCRAINE
UKR	UKRANIA
UKR	UKRAJINA
UKR	UKRA'JINA
UKR	UKRANE
UKR	UKRAIEN
UKR	UKRIANE
UKR	UKRAINIA
UKR	UKRAIN
UKR	YKPAIHA
=== countrycode=URY cowalpha=---
URY	URUGUAY
URY	URUGUAYAN
URY	URAGUAY
URY	URUGUAI
=== countrycode=USA cowalpha=---
USA	UNITED_STATES_OF_AMERICA
USA	AMERICAN
USA	US
USA	U.S.
USA	USA
USA	U.S.A.
USA	UNITED_STATES
USA	THE_USA
USA	AMERICA_(UNITED_STATES)
USA	UNITED_STATES_OF_AMERCA
USA	THE_US
USA	US_OF_A
USA	U,S,
USA	ESTADOS_UNIDOS
USA	YANKEE_LAND
USA	UNTIED_STATES
USA	UNITED_SATES
USA	U._S.
USA	UNITED_STATS
USA	STATES_OF_AMERICA
USA	MIGUK
USA	HAPJUNGGUK
USA	AMERICA_(US)
USA	MEIGUO
USA	AMERICAN_(US)
USA	EEUU
USA	UNITESD_STATES
USA	VERENIGDE_STATE
USA	ESTATOS_UNITOS
USA	ESTAOS_UNIOS
USA	AMERICAN_(USA)
USA	AMERICA_(USA)
USA	AMERICANS_(USA)
USA	AMERICA_(COUNTRY)
USA	ETATS_UNIS
USA	AMERICKY
USA	BANDARIKIN
USA	VEREINIGTE_STAATEN
USA	UNITEDSTATIAN
USA	THE_UNITES_STATES_OF_AMERICA
USA	AMERICALAND
USA	UNITED_STATE_OF_AMERICA
USA	UNITD_STATES
USA	U_S_A
USA	UNITED_STAETS
USA	STATI_UNITI_D'AMERICA
USA	VERENIGDE_STATE_VAN_AMERIKA
USA	GEANLAEHT_RICU_AMERICAN
USA	YANKEELAND
USA	AMERICAY
USA	YHDYSVALLAT
USA	EE._UU.
USA	EE.UU.
=== countrycode=USAASM cowalpha=---
USAASM	AMERICAN_SAMOA
USAASM	SAMOAN
USAASM	EASTERN_SAMOA
USAASM	SAMOA,_AMERICAN
USAASM	EAST_SAMOA
USAASM	SAMOA_(AMERICAN)
USAASM	AUNUU
USAASM	AUNUU_ISLAND
USAASM	SAMOA_(OCCUPIED)
USAASM	AMERICANSAMOA
USAASM	AMERICAN_SOMOA
USAASM	AMERICA_SAMOA
USAASM	AMERICANSAMO
=== countrycode=USAGUM cowalpha=---
USAGUM	GUAM
USAGUM	GUAMANIAN
USAGUM	GUAHAN
USAGUM	US_GU
USAGUM	CUAM
=== countrycode=USAPRI cowalpha=---
USAPRI	PUERTO_RICO
USAPRI	PUERTO_RICAN
USAPRI	PUETRO_RICO
USAPRI	PORTO_RICO
USAPRI	PEURTO_RICO
USAPRI	ESTADO_LIBRE_ASOCIADO
USAPRI	BORIKEN
USAPRI	PUERTORICO
USAPRI	PUERTORICAN
USAPRI	BORINQUEN
USAPRI	PUERTO_RICA
USAPRI	PORTORIKO
USAPRI	PORTO_RICAN
USAPRI	PORTORICO
USAPRI	ISLA_DEL_ENCANTO
USAPRI	BORIQUEN
USAPRI	PORTA_RICO
USAPRI	PORTER_RICO
USAPRI	PORTAR_RICO
USAPRI	PORTARICO
USAPRI	ISLAND_OF_ENCHANTMENT
USAPRI	PUERTORRIQUENO
USAPRI	PUERTORRIQUENOS
USAPRI	PUERTORRIQUENA
USAPRI	PORTORYKO
USAPRI	PUERTO_RICAO
USAPRI	ISLE_OF_ENCHANTMENT
USAPRI	PUETA_RICO
=== countrycode=USAVIR cowalpha=---
USAVIR	UNITED_STATES_VIRGIN_ISLANDS
USAVIR	VIRGIN_ISLANDER
USAVIR	VIRGIN_ISLANDS_(US)
USAVIR	VIRGIN_ISLANDS,_U.S.
USAVIR	US_VIRGIN_ISLANDS
USAVIR	VIRGIN_ISLANDS_OF_THE_U.S.
USAVIR	U._S._VIRGIN_ISLANDS
USAVIR	VIRGIN_ISLANDS_OF_THE_UNITED_STATES
USAVIR	AMERICAN_VIRGIN_ISLANDS
USAVIR	U.S._VIRGIN_ISLANDS
USAVIR	USVI
USAVIR	U.S.V.I.
USAVIR	U.S_VIRGIN_ISLANDS
USAVIR	US_VIRGIN_ISLAND
USAVIR	US_VI
USAVIR	VIRGIN_ISLANDS_(USA)
USAVIR	US._VIRGIN_ISLANDS
USAVIR	U_S_VIRGIN_ISLANDS
USAVIR	VIRGIN_ISLANDS_OF_THE_US
USAVIR	VIRGIN_ISLANDS,_UNITED_STATES
=== countrycode=UZB cowalpha=---
UZB	UZBEKISTAN
UZB	UZBEK
UZB	UZBEKISTANI
UZB	UZBEKISTON
UZB	USBEKISTAN
UZB	O�ZBEKISTON
UZB	OZBEKISTON
UZB	O'ZBEKISTON
UZB	UZBEKSTAN
UZB	OZBEKISTAN
UZB	OUZBEKISTAN
=== countrycode=VCT cowalpha=---
VCT	SAINT_VINCENT_AND_THE_GRENADINES
VCT	VINCENTIAN
VCT	SAINT_VINCENT
VCT	GRENADINES
VCT	ST_VINCENT
VCT	ST._VINCENT
VCT	SAN_VICENTE_Y_LAS_GRANADINAS
VCT	ST.VINCENT
=== countrycode=VEN cowalpha=---
VEN	VENEZUELA
VEN	VENEZUELAN
VEN	VENEZEULA
VEN	VENEZUALA
VEN	VENEZULEA
VEN	VENEZULA
VEN	VENECUELA
VEN	VENZUELA
VEN	VENIZUELA
VEN	VENEZUELANS
VEN	VENUZEULA
VEN	UNITED_STATES_OF_VENEZUELA
VEN	VENAZEULA
VEN	VENZAUELA
=== countrycode=VNM cowalpha=---
VNM	VIETNAM
VNM	VIETNAMESE
VNM	VIET_NAM
VNM	VIETNARM
VNM	SRVN
VNM	YUENAN
VNM	VEITNAM
VNM	'NAM
VNM	VIETMAN
VNM	VJET_NAMO
VNM	YUE_NAN
=== countrycode=VUT cowalpha=---
VUT	VANUATU
VUT	NI-VANUATU
VUT	VANAUTU
VUT	VANATUA
VUT	VUANATU
VUT	VANUATUA
VUT	VANUATA
VUT	VANATU
VUT	VANUTAU
VUT	NEW_HEBRIDES
=== countrycode=WSM cowalpha=---
WSM	SAMOA
WSM	SAMOAN
=== countrycode=X-BO cowalpha=---
X-BO	BRITISH_INDIAN_OCEAN_TERRITORY
X-BO	BRITISH_INDIAN_OCEAN_ISLAND
X-BO	BRITISH_INDIAN_OCEAN
=== countrycode=X-CC cowalpha=---
X-CC	COCOS_ISLANDS
X-CC	KEELING_ISLAND
X-CC	KEELING_ATOLL
=== countrycode=X-TURCYP cowalpha=---
X-TURCYP	TURKISH_REPUBLIC_OF_NORTH_CYPRUS
X-TURCYP	TRNC
X-TURCYP	NORTH_CYPRUS
X-TURCYP	NORTHERN_CYPRUS
X-TURCYP	TURKISH_CYPRIOT
X-TURCYP	TURKISH_CYPRUS
X-TURCYP	KUZEY_KIBRIS
X-TURCYP	OCCUPIED_CYPRUS
X-TURCYP	NORTHERN_CYPRU
X-TURCYP	TURKISH_REPUBLIC_OF_CYPRUS
=== countrycode=X-XMAS cowalpha=---
X-XMAS	CHRISTMAS_ISLAND
X-XMAS	AUSTRALIAN_TERRITORY_OF_CHRISTMAS_ISLAND
X-XMAS	XMAS_ISLAND
=== countrycode=YEM cowalpha=---
YEM	YEMEN
YEM	YEMENI
YEM	YEMENITE
YEM	JEMEN
YEM	YEMEM
YEM	THILLA
YEM	YEMENS
=== countrycode=ZAF cowalpha=---
ZAF	REPUBLIC_OF_SOUTH_AFRICA
ZAF	SOUTH_AFRICAN
ZAF	ZUID_AFRICA
ZAF	SUID_AFRIKA
ZAF	NINGIZIMU_AFRIKA
ZAF	ZUIDAFRIKA
ZAF	S._AFRICA
ZAF	BRITISH_SOUTH_AFRICA
ZAF	THE_BELOVED_COUNTRY
ZAF	SOUTHAFRICA
ZAF	ZUID_AFRIKA
ZAF	SETH_EFRIKA
ZAF	AFRIQUE_DU_SUD
ZAF	SOUTH_AFRICAA
ZAF	MZANSI
=== countrycode=ZMB cowalpha=---
ZMB	ZAMBIA
ZMB	ZAMBIAN
=== countrycode=ZWE cowalpha=---
ZWE	ZIMBABWE
ZWE	ZIMBABWEAN
ZWE	ZIMBABWAE
ZWE	ZIMBABWIAN
ZWE	ZIMBABWEI
=== IGOs
IGOEEC	EC
IGOEEC	EEC
IGOEEC	EU
IGOEEC	EU'S
IGOEEC	EU'S_FINNISH_PRESIDENCY
IGOEEC	EU'S_FOREIGN_POLICY_AND_SECURITY_CHIEF
IGOEEC	EU'S_FOREIGN_POLICY_CHIEF_JAVIER_SOLANA
IGOEEC	EU'S_GERMAN_PRESIDENCY
IGOEEC	EU-BROKERED
IGOEEC	EUROPEAN_ALLIES
IGOEEC	EUROPEAN_COMMISSION
IGOEEC	EUROPEAN_COMMUNITY
IGOEEC	EUROPEAN_COMMUNITY
IGOEEC	EUROPEAN_EXTERNAL_RELATIONS
IGOEEC	EUROPEAN_PARLIAMENT
IGOEEC	EUROPEAN_UNION
IGOEEC	EUROPEAN_UNION'S_MIDDLE_EAST_ENVOY
IGOEEC	EUROPEAN_UNION_DELEGATION
IGOEEC	EU_COUNTRIES
IGOEEC	EU_FINANCE_MINISTERS
IGOEEC	EU_FOREIGN_MINISTERS
IGOEEC	FINNISH_PRESIDENCY_OF_THE_EU
IGOEEC	GERMAN_PRESIDENCY_OF_THE_EU
IGOEEC	GERMAN_PRESIDENCY_OF_THE_EUROPEAN_UNION
IGOEEC	JOSEP_PIQUE
IGOEEC	MIGUEL_ANGEL_MORATINOS
IGOEEC	SPANISH_EU_PRESIDENT
IGOEEC	WESTERN_EUROPE
IGOEEC	WESTERN_EUROPEAN_UNION
IGONAT	COALITION_FORCES_IN_AFGHANISTAN
IGONAT	JAVIER_SOLANA
IGONAT	NATO
IGONAT	NATO_FORCE
IGONAT	NATO_SECRETARY-GENERAL_JAVIER_SOLANA
IGONAT	NORTH_ATLANTIC_TREATY_ORGAN
IGONAT	SOLANA
IGOUNO	ALAIN_PELLEGRINI
IGOUNO	AMERICAN_U.N._ARMS_INSPECTORS
IGOUNO	AMERICAN_U.N._MILITARY_OBSERVER
IGOUNO	ANNAN
IGOUNO	BANGLADESHI_U.N._PEACEKEEPERS
IGOUNO	BAN_KI-MOON
IGOUNO	BOUTROS-GHALI
IGOUNO	DE_CUELLAR
IGOUNO	EGYPTIAN_OFFICER_DEPLOYED_WITH_THE_UNITED_NATIONS
IGOUNO	FIJIAN_UN_PEACEKEEPER
IGOUNO	GENERAL_ARMAND_ROY
IGOUNO	GENERAL_ASSEMBLY
IGOUNO	GENEVA-BASED_HUMAN_RIGHTS_COUNCIL
IGOUNO	GUIDO_DE_MARCO
IGOUNO	HIGH_COMMISSIONER_FOR_REFUGEE
IGOUNO	IAEA
IGOUNO	IBRD
IGOUNO	IEA
IGOUNO	INTERNATIONAL_ARMS_INSPECTOR
IGOUNO	INTERNATIONAL_ATOMIC_ENERGY_AGENCY
IGOUNO	INTERNATIONAL_BANK_FOR_RURAL_DEVELOPMENT
IGOUNO	INTERNATIONAL_COURT_OF_JUSTICE
IGOUNO	INTERNATIONAL_LABOUR_OFFICE
IGOUNO	INTERNATIONAL_WAR_CRIMES_TRIBUNAL
IGOUNO	ITALIAN_UN_PEACEKEEPING_TROOPS
IGOUNO	JAVIER_PEREZ_DE_CUELLAR
IGOUNO	JORDANIAN_UN_PEACEKEEPER
IGOUNO	KAREN_ABUZAYD
IGOUNO	LAKHDAR_BRAHIMI
IGOUNO	LEBANESE_UN_EMPLOYEE
IGOUNO	MARTIN_SCHEININ
IGOUNO	MARY_ROBINSON
IGOUNO	MAZOWIECKI
IGOUNO	OGATA
IGOUNO	SECRETARY_GENERAL_OF_THE_UNITED_NATIONS
IGOUNO	SECURITY-COUNCIL
IGOUNO	SECURITY_COUNCIL
IGOUNO	SECURITY_COUNCIL'S_SANCTION_COMMITTEE
IGOUNO	SOUTH_KOREA'S_BAN_KI-MOON
IGOUNO	STOLTENBERG
IGOUNO	SWEDISH_MAJOR_GENERAL_BO_WANKER
IGOUNO	TOP_UN
IGOUNO	U.N
IGOUNO	U.N.
IGOUNO	U.N.'S
IGOUNO	U.N._ENVOY_IN_CHARGE
IGOUNO	U.N._FOOD_AND_AGRICULTURE_ORGANI
IGOUNO	U.N._HEAD_OF_THE_HUMANITARIAN_PROGRAM
IGOUNO	U.N._HUMANITARIAN_COORDINATOR_FOR_IRAQ
IGOUNO	U.N._OBSERVER_FORCE
IGOUNO	U.N._OBSERVER_MISSION
IGOUNO	U.N._PEACEKEEP
IGOUNO	U.N._PROTECTION_FORCE
IGOUNO	U.N._SECURITY_COUNCIL
IGOUNO	U.N_SECURITY_COUNCIL
IGOUNO	UN
IGOUNO	UN'S
IGOUNO	UN'S_CHIEF_ATOMIC
IGOUNO	UN'S_ECONOMIC_AND_SOCIAL_COUNCIL
IGOUNO	UN'S_HIGH_COMMISSIONER_FOR_HUMAN_RIGHTS
IGOUNO	UN'S_HUMAN_RIGHTS
IGOUNO	UN'S_INTERNATIONAL_CIVIL_AVIATION_ORGANI
IGOUNO	UN'S_MIDDLE_EAST_ENVOY
IGOUNO	UN'S_REFUGEE_AGENCY
IGOUNO	UN'S_TOP_HUMAN_RIGHTS_OFFICIAL
IGOUNO	UN'S_TOP_OFFICIAL
IGOUNO	UN'S_TOP_REFUGEE_OFFICIAL
IGOUNO	UN-APPOINTED_MEDIATOR
IGOUNO	UN-ESCORTED_CONVOY
IGOUNO	UN-HOSTED
IGOUNO	UNDER_SECRETARY_GENERAL
IGOUNO	UNESCO
IGOUNO	UNICEF
IGOUNO	UNIFIL
IGOUNO	UNITED_NATION'S
IGOUNO	UNITED_NATIONALS_TRIBUNAL
IGOUNO	UNITED_NATIONS
IGOUNO	UNITED_NATIONS_ASSISTANCE_MISSION_FOR_IRAQ
IGOUNO	UNITED_NATIONS_ATOMIC_WATCHDOG_AGENCY
IGOUNO	UNITED_NATIONS_CHILDREN'S_AGENCY
IGOUNO	UNITED_NATIONS_CHILDREN'S_FUND
IGOUNO	UNITED_NATIONS_FORCE_IN_SOUTHERN_LEBANON
IGOUNO	UNITED_NATIONS_HIGH_COMMISSIONER_FOR_REFUGEE
IGOUNO	UNITED_NATIONS_HUMAN_RIGHT
IGOUNO	UNITED_NATIONS_HUMAN_RIGHTS_COMMISSION
IGOUNO	UNITED_NATIONS_HUMAN_RIGHTS_COUNCIL
IGOUNO	UNITED_NATIONS_INTERIM_FORCE
IGOUNO	UNITED_NATIONS_MISSION
IGOUNO	UNITED_NATIONS_PEACEKEEP
IGOUNO	UNITED_NATIONS_PEACEKEEPING_FORCE
IGOUNO	UNITED_NATIONS_PEACEKEEPING_MISSION
IGOUNO	UNITED_NATIONS_PEACEKEEPING_MISSION_IN_SIERRA_LEONE
IGOUNO	UNITED_NATIONS_RELIEF_AND_WORKS_AGENCY
IGOUNO	UNITED_NATIONS_SECRETARY-GENERAL_JAVIER_PEREZ_DE-CUELLAR
IGOUNO	UNITED_NATIONS_SECURITY_COUNCIL
IGOUNO	UNSCOM
IGOUNO	UN_AGENCY_FOR_PALESTINIAN_REFUGEES
IGOUNO	UN_ARMS_INSPECTOR
IGOUNO	UN_ATOMIC_AGENCY
IGOUNO	UN_ATOMIC_CHIEF
IGOUNO	UN_ATOMIC_WATCHDOG
IGOUNO	UN_CHIEF_ARMS_INSPECTOR_FOR_IRAQ
IGOUNO	UN_CHIEF_BAN_KI-MOON
IGOUNO	UN_CHIEF_KOFI_ANNAN
IGOUNO	UN_CHILDREN'S_FUND
IGOUNO	UN_ENVOY_TERJE_ROED-LARSEN
IGOUNO	UN_FORCE
IGOUNO	UN_GENERAL_ASSEMBLY
IGOUNO	UN_HIGH_COMMISIONER_FOR_HUMAN_RIGHTS
IGOUNO	UN_HIGH_COMMISSIONER_FOR_HUMAN_RIGHTS
IGOUNO	UN_HIGH_COMMISSIONER_FOR_REFUGEES
IGOUNO	UN_HUMANITARIAN_AID_COORDINATOR
IGOUNO	UN_HUMAN_RIGHTS_CHIEF
IGOUNO	UN_HUMAN_RIGHTS_COUNCIL
IGOUNO	UN_INSPECTOR
IGOUNO	UN_INTERIM_FORCE
IGOUNO	UN_INTERIM_FORCES_IN_LEBANON
IGOUNO	UN_NUCLEAR_AGENCY
IGOUNO	UN_NUCLEAR_CHIEF
IGOUNO	UN_NUCLEAR_INSPECT
IGOUNO	UN_NUCLEAR_WATCHDOG
IGOUNO	UN_OBSERVATION_POST_IN_SOUTH_LEBANON
IGOUNO	UN_PEACEKEEP
IGOUNO	UN_PEACEKEEPER_FROM_JORDAN
IGOUNO	UN_PEACEKEEPING_FORCE
IGOUNO	UN_PEACEKEEPING_FORCE_IN_SIERRA_LEONE
IGOUNO	UN_PEACEKEEPING_MISSION
IGOUNO	UN_REFUGEE_AGENCY
IGOUNO	UN_SECRETARY_GENERAL_BAN_KI-MOON
IGOUNO	UN_SECRETARY_GENERAL_BOUTROS_BOUTROS-GHALI
IGOUNO	UN_SECRETARY_GENERAL_KOFI_ANNAN
IGOUNO	UN_SECURITY_COUNCIL
IGOUNO	UN_SPECIAL_ENVOY_TERJE_ROED-LARSEN
IGOUNO	UN_SPECIAL_RAPPORTEUR_ON_TORTURE_MANFRED_NOWAK
IGOUNO	UN_TROOPS_IN_LEBANON
IGOUNO	UN_WORLD_FOOD_PROGRAMME
IGOUNO	US-SPONSORED_UN_SECURITY_COUNCIL_RESOLUTION
IGOUNO	VIENNA-BASED_INTERNATIONAL_ATOMIC_ENERGY_AGENCY
IGOUNO	WALDHEIM
IGOUNO	WORLD_BANK
IGOUNO	WORLD_COURT
IGOUNO	WORLD_FOOD_PROGRAM
IGOUNO	WORLD_FOOD_PROGRAMME
IGOUNO	WORLD_HEALTH_ORG
